AGE	SEX	BMI	BP	S1	S2	S3	S4	S5	S6	Y
59	2	32.1	101	157	93.2	38	4.8598	87	151
48	1	21.6	87	183	103.2	70	3.8918	69	75
72	2	30.5	93	198	93.6	41	4.6728	85	141
24	1	25.3	84	192	131.4	40	4.8903	89	206
50	1	23	101	192	125.4	42	4.2905	80	135
23	1	22.6	89	139	64.8	61	4.1897	68	97
36	2	22	90	160	99.6	50	3.9512	82	138
66	2	26.2	114	255	185	56	4.55	92	63
60	2	32.1	83	179	119.4	42	4.4773	94	110
29	1	30	85	180	93.4	43	5.3845	88	310
22	1	18.6	97	114	57.6	46	3.9512	83	101
56	2	28	85	184	144.8	32	3.5837	77	69
53	1	23.7	92	186	109.2	62	3.3041	81	179
50	1	26.2	92	186	105.4	49	5.0626	88	185
31	2	24	91	202	115.4	72	4.2905	73	118
32	2	24.7	118	254	184.2	39	5.037	81	171
34	1	30.3	108	207	100.2	70	5.2149	98	166
41	2	27.5	111	214	147	39	4.9416	91	144
57	1	25.3	85	187	106.3	42	4.4427	87	97
68	2	27.3	118	253	182	66	4.5438	78	168
62	1	29	85	187	145.2	66	3.9703	85	68
35	1	21.1	93	176	103.4	40	3.5109	95	68
38	2	22.3	92	210	120.4	56	3.9703	88	68
45	1	25.5	101	201	130.5	55	4.6123	76	178
29	2	28.6	98	176	99.2	40	3.9015	81	130
51	1	30.2	115	221	157.5	58	4.9718	94	210
64	2	27.9	85	183	112.4	35	4.4127	89	156
55	1	28.1	92	199	121.5	50	4.2046	86	145
46	1	23.8	83	178	108.6	42	3.8127	85	120
39	2	26.4	102	194	134.8	44	4.5124	75	160
68	2	24.6	89	182	107.9	33	3.9638	88	140
55	1	29.1	110	202	147.6	60	4.5019	93	195
32	2	25.8	94	171	98.7	38	4.0812	79	132
47	1	24.5	87	186	115.2	40	3.9903	77	130
58	2	29.3	103	211	162.4	62	5.2137	91	230
27	1	22.4	79	154	98.4	31	3.7014	66	95
66	2	28.7	107	245	186.8	55	4.8226	95	210
37	1	26.8	99	190	123.7	44	4.1839	86	140
51	2	23.5	92	180	102.1	34	3.9915	80	128
33	1	27.7	105	200	135.6	49	4.3021	85	175
47	2	24.3	86	169	110.9	42	3.7849	74	140
56	1	28.4	100	210	151.4	61	4.9023	92	205
60	2	31.5	112	225	175.9	65	5.1057	96	235
49	1	27.1	91	183	108.2	36	4.2048	81	155
